,text,label,problem
0,long term uptrend broke 4 year resistance looks primed for further upside,0.53,sentiment_ranking_microblogs
1,confirmation is a hold  bottom looks like,0.259,sentiment_ranking_microblogs
2,Bullshit! All #AppleStores are EMPTY in #China,-0.329,sentiment_ranking_microblogs
3,LOOKS like we are bouncing Nice volume from 5.77 bottom,0.391,sentiment_ranking_microblogs
4,afternoon selloff as usual will be brutal get ready to lose a ton of money.,-0.569,sentiment_ranking_microblogs
5,brand name is to big for it to fail  I bet they recover or get bought out before the year is over,0.226,sentiment_ranking_microblogs
6,patience pays off,0.272,sentiment_ranking_microblogs
7,starting to creep up,-0.014,sentiment_ranking_microblogs
8,Analysts impressed with progress,0.474,sentiment_ranking_microblogs
9,Short Setups Looking Nice....Really Nice,-0.464,sentiment_ranking_microblogs
10,In Play Longs,0.273,sentiment_ranking_microblogs
11,$AAPL a new long IF 110.61 is broke,0.172,sentiment_ranking_microblogs
12,breakout very likely,0.518,sentiment_ranking_microblogs
13,Down day for all biotechs Good to load up,0.281,sentiment_ranking_microblogs
14,held up well after the big gains! still very undervalued and has major upside,0.695,sentiment_ranking_microblogs
15,down 12% since I alerted it a short sell on 3-25,-0.391,sentiment_ranking_microblogs
16,consistent gains but small one of my favorite trade,0.219,sentiment_ranking_microblogs
17,no more buys,0.146,sentiment_ranking_microblogs
18,Ross Stores Upgraded to Outperform at RBC Capital Markets,0.565,sentiment_ranking_microblogs
19,#oversold,0.406,sentiment_ranking_microblogs
20,Nice day rally!,0.529,sentiment_ranking_microblogs
21,Notable gainers among liquid option names this morning,0.513,sentiment_ranking_microblogs
22,Still the top dog,0.473,sentiment_ranking_microblogs
23,$TSLA hype the news sell on news,-0.073,sentiment_ranking_microblogs
24,is just humming easing overbought,-0.404,sentiment_ranking_microblogs
25,picked some up like this going into 2014,0.653,sentiment_ranking_microblogs
26,Sector Stocks Leading Today,0.454,sentiment_ranking_microblogs
27,lots of green on the 5 min,0.318,sentiment_ranking_microblogs
28,Bricks and Mortar retailers selling cheaper +consumer -retailers,-0.352,sentiment_ranking_microblogs
29,Bullish MA Crossovers,0.457,sentiment_ranking_microblogs
30,bullish $NFLX day trade setup,0.422,sentiment_ranking_microblogs
31,all higher,0.295,sentiment_ranking_microblogs
32,has been a bull and $gld a bear,0.0,sentiment_ranking_microblogs
33,up 10% in premarket ready for lift off,0.507,sentiment_ranking_microblogs
34,"Yahoo, Facebook in Ad Partnership Talks",0.249,sentiment_ranking_microblogs
35,Pivotal sees 27% upside for Alphabet,0.372,sentiment_ranking_microblogs
36,Stock Receives Ratings Downgrade Today at Jefferies,-0.501,sentiment_ranking_microblogs
37,Good time to buy,0.533,sentiment_ranking_microblogs
38,Bottom Losses,-0.473,sentiment_ranking_microblogs
39,Top #NetPayoutYields,0.426,sentiment_ranking_microblogs
40,The Best Stocks for 2012,0.463,sentiment_ranking_microblogs
41,out $NFLX -.35,-0.494,sentiment_ranking_microblogs
42,Equities recently tagged #undervalued,0.353,sentiment_ranking_microblogs
43,joint bid for Yahoo's internet assets,0.228,sentiment_ranking_microblogs
44,Stochastic Overbought,-0.516,sentiment_ranking_microblogs
45,slow-motion disruption of the global auto industry,0.601,sentiment_ranking_microblogs
46,I'm watching(and buy targets),0.344,sentiment_ranking_microblogs
47,Sell Short Position on,0.361,sentiment_ranking_microblogs
48,next 5-6 charts illustrate a bullish weekly outcome,0.119,sentiment_ranking_microblogs
49,alot to worry about,-0.319,sentiment_ranking_microblogs
50,Potential intermediate top in an Uptrend,0.32,sentiment_ranking_microblogs
51,"all on a longer-term, technical swing long basis.",0.591,sentiment_ranking_microblogs
52,looking weak and possibly ready to 'let go',-0.482,sentiment_ranking_microblogs
53,Don't hang your bull hat yet Next week we will pop higher,0.412,sentiment_ranking_microblogs
54,downgrade,-0.463,sentiment_ranking_microblogs
55,$NLSN launching a marketing cloud,-0.245,sentiment_ranking_microblogs
56,Top Stocks in 2015 are Ready to Lead Again in 2016,0.414,sentiment_ranking_microblogs
57,Long look like a 5-10% run awaits,0.394,sentiment_ranking_microblogs
58,Rally Friday! #new52weekhighs p over 31%,0.66,sentiment_ranking_microblogs
59,short didnt work out,0.378,sentiment_ranking_microblogs
60,Risky move,-0.078,sentiment_ranking_microblogs
61,will get in on the next run up,0.275,sentiment_ranking_microblogs
62,$GOOGL patents turn signal detector for autonomous cars.,0.393,sentiment_ranking_microblogs
63,$UCO +4.44%,0.442,sentiment_ranking_microblogs
64,Worst #sentiment for #SP1500 #stocks at market close,-0.479,sentiment_ranking_microblogs
65,near-term target $77.38,0.0,sentiment_ranking_microblogs
66,Break-out thru 50 & 200- DMA Short squeeze in progress,0.504,sentiment_ranking_microblogs
67,Sector Stocks Leading Today,0.454,sentiment_ranking_microblogs
68,sold my 81 calls,-0.312,sentiment_ranking_microblogs
69,makes less profit than the sales of $AAPL Watch,-0.641,sentiment_ranking_microblogs
70,closed Friday with the RS line in new highs,0.371,sentiment_ranking_microblogs
71,waiting for price to enter buy/support zone strong support,0.358,sentiment_ranking_microblogs
72,Buy these 3 stocks while there's blood in the streets,0.415,sentiment_ranking_microblogs
73,got some more,0.295,sentiment_ranking_microblogs
74,stock splits are lipstick on a pig!,-0.347,sentiment_ranking_microblogs
75,the parties over volatility is back,-0.223,sentiment_ranking_microblogs
76,volume footprint looks great,-0.097,sentiment_ranking_microblogs
77,making new highs for the year,0.53,sentiment_ranking_microblogs
78,broken out of a major horizontal resistance,0.345,sentiment_ranking_microblogs
79,Airplane And Hospitality Industries Set Their Sights On #Cuba,0.405,sentiment_ranking_microblogs
80,breaking out,0.068,sentiment_ranking_microblogs
81,Biggest Market Losers,-0.438,sentiment_ranking_microblogs
82,progress witnessed truly stunning,0.436,sentiment_ranking_microblogs
83,Tomorrow party time for the Bears!!,-0.524,sentiment_ranking_microblogs
84,Long Position on,0.674,sentiment_ranking_microblogs
85,long on,0.457,sentiment_ranking_microblogs
86,Five Stocks that Helped Starboard Valueâ€™s Equity Portfolio Return 6.5% in Q1,0.432,sentiment_ranking_microblogs
87,"As for $TWTR, no words.",-0.188,sentiment_ranking_microblogs
88,revenue grew double-digit,0.454,sentiment_ranking_microblogs
89,bidders line up,0.252,sentiment_ranking_microblogs
90,Continues to base on the weekly chart,-0.047,sentiment_ranking_microblogs
91,gets 26 patents and goes down,-0.373,sentiment_ranking_microblogs
92,looking for a sharp move up in equities,0.368,sentiment_ranking_microblogs
93,The momo leaders are taken down one by one,-0.351,sentiment_ranking_microblogs
94,News breaks first and fastest on Twitter $TWTR,0.364,sentiment_ranking_microblogs
95,Reasons for caution about Chinese stocks,-0.317,sentiment_ranking_microblogs
96,support 212.93 no support to 209.45,0.166,sentiment_ranking_microblogs
97,Monday Bulls Are Out!,0.457,sentiment_ranking_microblogs
98,Whole Foods shareholders vote down activist initiatives,-0.076,sentiment_ranking_microblogs
99,Nice little cup-and-handle shaping up favours a good day for the index,0.342,sentiment_ranking_microblogs
100,Drugs and Biotech Getting Perky,0.387,sentiment_ranking_microblogs
101,If that's what you want then buy some,0.245,sentiment_ranking_microblogs
102,may rebound faster,0.216,sentiment_ranking_microblogs
103,Finding Support,0.259,sentiment_ranking_microblogs
104,So both call/put buyers are crushed,-0.126,sentiment_ranking_microblogs
105,Coal stocks are poking their head up very nice weekly candle,0.362,sentiment_ranking_microblogs
106,Unusual Call Activity,0.421,sentiment_ranking_microblogs
107,stocks insiders are bullish on,0.433,sentiment_ranking_microblogs
108,in from 3.61,0.306,sentiment_ranking_microblogs
109,over 225 million new Internet users are being added globally every year,0.337,sentiment_ranking_microblogs
110,New RSI signal created on $COST - Buy,0.497,sentiment_ranking_microblogs
111,Stream too bullish you are going against the biggest BILLIONS,0.492,sentiment_ranking_microblogs
112,"small pos, short 180 wkly puts",-0.597,sentiment_ranking_microblogs
113,strong buy within a month,0.119,sentiment_ranking_microblogs
114,so volatile!,-0.131,sentiment_ranking_microblogs
115,out of $KRE,-0.381,sentiment_ranking_microblogs
116,Finding Support,0.259,sentiment_ranking_microblogs
117,watching for bounce tomorrow,0.366,sentiment_ranking_microblogs
118,placed an order to sell 5 shares,-0.379,sentiment_ranking_microblogs
119,looking good Note that it broke this area on lighter volume,0.255,sentiment_ranking_microblogs
120,trade continuing very nicely from yesterday looking very strong here,0.495,sentiment_ranking_microblogs
121,"goes deep into #machinelearning and #AI territory with its new $125,000 supercomputer",0.294,sentiment_ranking_microblogs
122,still loving it today,0.385,sentiment_ranking_microblogs
123,Getting ready to sell some premiumm,-0.441,sentiment_ranking_microblogs
124,ready to exit bankruptcy,0.298,sentiment_ranking_microblogs
125,Loooooongggggg base,0.557,sentiment_ranking_microblogs
126,Out $BIDU for now,-0.221,sentiment_ranking_microblogs
127,"Google, IBM, ARM And AMD Begin The Assault On Intel's Server Franchise",0.372,sentiment_ranking_microblogs
128,Report: Apple signs up for Google's cloud uses much less of Amazon,-0.38,sentiment_ranking_microblogs
129,First quarter is amazing,0.322,sentiment_ranking_microblogs
130,Pie In The Sky,0.365,sentiment_ranking_microblogs
131,Long-Term Potential Robust,0.249,sentiment_ranking_microblogs
132,ripe for a squeeze again,-0.216,sentiment_ranking_microblogs
133,Added long at friday close,0.513,sentiment_ranking_microblogs
134,making all kinds of gains ????,0.42,sentiment_ranking_microblogs
135,earish Trader bets $550K that Stock Will Sell Off,-0.493,sentiment_ranking_microblogs
136,2m this year would be amazing,0.151,sentiment_ranking_microblogs
137,I'm watching(and buy targets),0.344,sentiment_ranking_microblogs
138,losers no profit so sad,-0.383,sentiment_ranking_microblogs
139,I dumped $PYPL and $PRLB,-0.506,sentiment_ranking_microblogs
140,its time to sell banks,-0.763,sentiment_ranking_microblogs
141,If positive outcome w/ lung study5/8 we may see a 13D Filing by Soros,0.33,sentiment_ranking_microblogs
142,Breakout watch,0.352,sentiment_ranking_microblogs
143,debt crisis entered a dangerous new phase,-0.331,sentiment_ranking_microblogs
144,weekly 120 puts +283%,-0.35,sentiment_ranking_microblogs
145,bail out,0.058,sentiment_ranking_microblogs
146,Markets Back in Black for 2016,0.271,sentiment_ranking_microblogs
147,Long LEAPS,0.438,sentiment_ranking_microblogs
148,downgraded to Neutral at Wedbush PT Lowered to,-0.434,sentiment_ranking_microblogs
149,companies shld be worried about iCloud,-0.329,sentiment_ranking_microblogs
150,valuation downgraded today would imagine this will trade red at least for a day,-0.375,sentiment_ranking_microblogs
151,add in,0.354,sentiment_ranking_microblogs
152,Long buying point,0.23,sentiment_ranking_microblogs
153,Something big is gonna happen here,0.0,sentiment_ranking_microblogs
154,Bot $GMCR 75 Nov Call,0.614,sentiment_ranking_microblogs
155,holding up relatively well compared to the broad market,0.394,sentiment_ranking_microblogs
156,$CAFN Cachet Financial Solutions Surging Forward today post earnings Up +13.26%,0.418,sentiment_ranking_microblogs
157,breaks major support,-0.455,sentiment_ranking_microblogs
158,getting kneecapped by $BEXP selling itself dirt cheap,-0.384,sentiment_ranking_microblogs
159,Stochastic Overbought,-0.516,sentiment_ranking_microblogs
160,Now up to 200 stocks making new 52 week highs,0.458,sentiment_ranking_microblogs
161,Short Setups Looking Nice....Really Nice,-0.464,sentiment_ranking_microblogs
162,Go Long until exp imo,0.414,sentiment_ranking_microblogs
163,its been nothing but down,-0.43,sentiment_ranking_microblogs
164,good for economy,0.273,sentiment_ranking_microblogs
165,"$TSLA Recalls 2,700 Model X Vehicle Shares Volatile",-0.336,sentiment_ranking_microblogs
166,Long tech calls,0.384,sentiment_ranking_microblogs
167,Bullish MA Crossovers,0.457,sentiment_ranking_microblogs
168,stocks at support w/ high trade quality,0.503,sentiment_ranking_microblogs
169,Today I bought more,0.087,sentiment_ranking_microblogs
170,offers will take place until next week,0.409,sentiment_ranking_microblogs
171,another story stock with an unhappy ending,-0.426,sentiment_ranking_microblogs
172,won't have anyone buying products,-0.429,sentiment_ranking_microblogs
173,flop would just get everyone running to the fences.,-0.546,sentiment_ranking_microblogs
174,Highest call to put ratio,0.348,sentiment_ranking_microblogs
175,Sounds bullish,0.23,sentiment_ranking_microblogs
176,2nd raise this year. ncreases Quarterly Cash Dividend 20 Percent,0.705,sentiment_ranking_microblogs
177,$WFM dropping below $30 again not enthusing Investors,-0.499,sentiment_ranking_microblogs
178,Markets Are Still Acting Weak,-0.443,sentiment_ranking_microblogs
179,"is a later riser, Positive catalyst?",0.203,sentiment_ranking_microblogs
180,pushing to 12,0.109,sentiment_ranking_microblogs
181,Torture.......,-0.303,sentiment_ranking_microblogs
182,Short Setups Looking Nice....Really Nice,-0.464,sentiment_ranking_microblogs
183,short the market,-0.541,sentiment_ranking_microblogs
184,Bullish MA Crossovers,0.457,sentiment_ranking_microblogs
185,trails $MSFT $ORCL $GOOG $CRM $ADBE,0.177,sentiment_ranking_microblogs
186,$HTZ lower,-0.409,sentiment_ranking_microblogs
187,Today I bought more,0.087,sentiment_ranking_microblogs
188,today's momentum movers,0.282,sentiment_ranking_microblogs
189,I'll take the other side of that trade,0.422,sentiment_ranking_microblogs
190,it shoots to the MOON as my favorite pumper,0.514,sentiment_ranking_microblogs
191,$AZPN is worth $20 a share not $40,-0.563,sentiment_ranking_microblogs
192,Today I bought more,0.087,sentiment_ranking_microblogs
193,$FCX 1.9% now March $36 puts now +8.33%,-0.327,sentiment_ranking_microblogs
194,all sectors improved in bullish breadth.,0.647,sentiment_ranking_microblogs
195,Today I bought more,0.087,sentiment_ranking_microblogs
196,down $2.84 premarket,-0.512,sentiment_ranking_microblogs
197,oil back above 60,0.543,sentiment_ranking_microblogs
198,Surges On Deal,0.419,sentiment_ranking_microblogs
199,Apple's iPhone SE: The Sold Out Flop,-0.336,sentiment_ranking_microblogs
200,Today's losers,-0.317,sentiment_ranking_microblogs
201,EPS growth is around 12% so far,0.316,sentiment_ranking_microblogs
202,MU down 2.3% today and down 8.9%,-0.469,sentiment_ranking_microblogs
203,Found some good bull setups this week,0.448,sentiment_ranking_microblogs
204,master class on how to conquer mobile astonishing turned their fortunes around,0.419,sentiment_ranking_microblogs
205,cuts outlook down,-0.236,sentiment_ranking_microblogs
206,buy zone today take swing trade profits,0.285,sentiment_ranking_microblogs
207,new PM high,0.403,sentiment_ranking_microblogs
208,Stay With Best Of Breed Has Room To Run,0.417,sentiment_ranking_microblogs
209,Bought a little yesterda hoping for an earnings pop.,0.562,sentiment_ranking_microblogs
210,consistent gains but small one of my favorite trade,0.219,sentiment_ranking_microblogs
211,had a nice breakout of the recent consolidation,0.452,sentiment_ranking_microblogs
212,Daily Mail enters competition to acquire Yah,0.342,sentiment_ranking_microblogs
213,Tomorrow party time for the Bears!!,-0.528,sentiment_ranking_microblogs
214,$TSLA is the only 'auto' stock showing a gain year-to-date,-0.334,sentiment_ranking_microblogs
215,Multi-year stock breakouts,0.612,sentiment_ranking_microblogs
216,OPENING BUYER Calls,0.412,sentiment_ranking_microblogs
217,upgrades stock recuperates,0.334,sentiment_ranking_microblogs
218,Inside week buy triggers,0.485,sentiment_ranking_microblogs
219,short somewhere in the high his thing will b short to $3 soon,-0.526,sentiment_ranking_microblogs
220,stocks at support w/ high trade quality,0.503,sentiment_ranking_microblogs
221,$ADBE flying,0.361,sentiment_ranking_microblogs
222,"considering Yahoo bid up 2,05%",0.288,sentiment_ranking_microblogs
223,Sector Stocks Leading Today,0.454,sentiment_ranking_microblogs
224,obby against Judge Garland or they risk losing the case,-0.261,sentiment_ranking_microblogs
225,decision to sell robot business exposes growing pains,-0.289,sentiment_ranking_microblogs
226,$TPLM Triangle #Petroleum 9.80+3% 2M Expanding Caliber,0.376,sentiment_ranking_microblogs
227,$TSLA dump!,-0.866,sentiment_ranking_microblogs
228,Momentum building for breakout trigger Long setup,0.592,sentiment_ranking_microblogs
229,broke the downtrend line ready to launch through the 200 day moving average,0.309,sentiment_ranking_microblogs
230,and it will continue using this profits that no one in the industry can get to innovate and develo,0.413,sentiment_ranking_microblogs
231,Could the pride of social media be gettin ready to fall? chart rolling over?,-0.403,sentiment_ranking_microblogs
232,will end up selling for pennies on the dollar,-0.441,sentiment_ranking_microblogs
233,$CHK +13.56%,0.781,sentiment_ranking_microblogs
234,nice in an out couple mini trades,0.121,sentiment_ranking_microblogs
235,Highest call to put ratio,0.348,sentiment_ranking_microblogs
236,at resistance right here sold my shares,-0.105,sentiment_ranking_microblogs
237,sales numbers still holding up so well igh end might not be a concern after all.,0.315,sentiment_ranking_microblogs
238,Bull Candle,0.335,sentiment_ranking_microblogs
239,Bears Take a Clear Near Term Advantage,-0.501,sentiment_ranking_microblogs
240,Worst performers today  $RIG -13%,-0.72,sentiment_ranking_microblogs
241,losing $400M of $AAPL's business,-0.015,sentiment_ranking_microblogs
242,ready to break $QCOM watching at 55.7,0.235,sentiment_ranking_microblogs
243,$FB $112 Calls .55 entry,0.509,sentiment_ranking_microblogs
244,next Q will be a good short,-0.441,sentiment_ranking_microblogs
245,the parties over volatility is back,-0.223,sentiment_ranking_microblogs
246,In Play Longs,0.273,sentiment_ranking_microblogs
247,Short Setups Looking Nice....Really Nice,-0.464,sentiment_ranking_microblogs
248,Bulls Are Out,0.323,sentiment_ranking_microblogs
249,I don't think it will move $FB in the short term,-0.042,sentiment_ranking_microblogs
250,starting to creep up,0.28,sentiment_ranking_microblogs
251,No edge offered,0.025,sentiment_ranking_microblogs
252,Supermarket Stocks Rally as Tesco Plans to Axe Non-core UK Assets,0.383,sentiment_ranking_microblogs
253,the most trending,0.216,sentiment_ranking_microblogs
254,Nobody is recommending the sale of this stock Big things coming,0.623,sentiment_ranking_microblogs
255,holding up relatively well compared to the broad market,0.394,sentiment_ranking_microblogs
256,Good to load up Be confident,0.281,sentiment_ranking_microblogs
257,Tesla dropped a hard J this morning,-0.376,sentiment_ranking_microblogs
258,looks really interesting on drop grabbed some options and stock enough tme before earnings to grow the stock growth all sectors,0.579,sentiment_ranking_microblogs
259,Look at that $AMZN > 600,0.326,sentiment_ranking_microblogs
260,Tesla Motors recalls,-0.424,sentiment_ranking_microblogs
261,is waking up,0.192,sentiment_ranking_microblogs
262,Omg OMG so excited!!!!,0.219,sentiment_ranking_microblogs
263,LED light bulb prices rise in Japan,0.054,sentiment_ranking_microblogs
264,Aggressive Buy,0.587,sentiment_ranking_microblogs
265,delivering the goods again let's see if that can spill over in other chinese internet names,0.502,sentiment_ranking_microblogs
266,stock has 41% upside from here,0.447,sentiment_ranking_microblogs
267,Smartphone Wars Wound Samsung,0.283,sentiment_ranking_microblogs
268,tremendous opportunity awaits,0.384,sentiment_ranking_microblogs
269,short $MBLY,-0.606,sentiment_ranking_microblogs
270,still in massive weekly & monthly uptrend,0.632,sentiment_ranking_microblogs
271,China February Retail Sales: E-Commerce Remains Resilient,0.383,sentiment_ranking_microblogs
272,Same sellers we saw yesterday,-0.45,sentiment_ranking_microblogs
273,"640m globally this week on avengers really sick ,Stan lee is a beast",0.24,sentiment_ranking_microblogs
274,stock will hit $170 easily,0.327,sentiment_ranking_microblogs
275,refuse worst decisions ever,-0.35,sentiment_ranking_microblogs
276,Do you really think in 4 weeks they capture 10%? Impossible.,-0.317,sentiment_ranking_microblogs
277,Call sweepers stepping up this morning,0.343,sentiment_ranking_microblogs
278,plus its Irish based  getting rid of its generic biz,0.146,sentiment_ranking_microblogs
279,Higher In Afternoon Trade Buy Point,0.243,sentiment_ranking_microblogs
280,Mid-single digits EBITDA growth,0.357,sentiment_ranking_microblogs
281,Infection worries prompt regulatory reviews,-0.401,sentiment_ranking_microblogs
282,Not Time To Buy,-0.382,sentiment_ranking_microblogs
283,downgrade,-0.463,sentiment_ranking_microblogs
284,Still too early for an entry,-0.387,sentiment_ranking_microblogs
285,there's a good short spot,-0.434,sentiment_ranking_microblogs
286,$GOOG $GOOGL would suck,-0.404,sentiment_ranking_microblogs
287,Can make HOD LONGS,0.49,sentiment_ranking_microblogs
288,$GRPN having a much better day than $FB,-0.285,sentiment_ranking_microblogs
289,Markets Are Still Acting Weak,-0.443,sentiment_ranking_microblogs
290,Aggressive Buy,0.306,sentiment_ranking_microblogs
291,Looking for a strong bounce Lunchtime rally coming,0.46,sentiment_ranking_microblogs
292,bond buying is signaling some bad moves for the market,-0.361,sentiment_ranking_microblogs
293,continues to consolidate,0.005,sentiment_ranking_microblogs
294,whole Semiconductor space looks interesting,0.328,sentiment_ranking_microblogs
295,issues already priced in,0.165,sentiment_ranking_microblogs
296,Biggest Market Losers,-0.438,sentiment_ranking_microblogs
297,$BABA is going to be an interesting one,0.233,sentiment_ranking_microblogs
298,Long look like a 5-10% run awaits,0.394,sentiment_ranking_microblogs
299,get into $WFM and $MJN,0.415,sentiment_ranking_microblogs
300,posts 60 percent jump in 4Q profit steep global sales increase tops Wall St. view,0.586,sentiment_ranking_microblogs
301,closed Friday with the RS line in new highs,0.371,sentiment_ranking_microblogs
302,Long $TSLA,0.607,sentiment_ranking_microblogs
303,calls for nice gains Still holding Week made in a morning,0.396,sentiment_ranking_microblogs
304,$GOOG $GOOGL would suck,-0.398,sentiment_ranking_microblogs
305,$POZN +30,0.146,sentiment_ranking_microblogs
306,long the market,0.525,sentiment_ranking_microblogs
307,plus its Irish based  getting rid of its generic biz,0.226,sentiment_ranking_microblogs
308,up 7$,0.177,sentiment_ranking_microblogs
309,Markets Are Still Acting Weak,-0.443,sentiment_ranking_microblogs
310,huge buy in all these names,0.608,sentiment_ranking_microblogs
311,red before the bell,-0.442,sentiment_ranking_microblogs
312,Finding Support,0.259,sentiment_ranking_microblogs
313,Breakout in Regional Banking,0.563,sentiment_ranking_microblogs
314,$TOL Higher,0.353,sentiment_ranking_microblogs
315,Favorite Stocks,0.401,sentiment_ranking_microblogs
316,Top #NetPayoutYields,0.426,sentiment_ranking_microblogs
317,Five Stocks that Helped Starboard Valueâ€™s Equity Portfolio Return 6.5% in Q1,0.432,sentiment_ranking_microblogs
318,no trade for now,0.123,sentiment_ranking_microblogs
319,RSI lowest level since October 2012,0.165,sentiment_ranking_microblogs
320,near a 3% drop thats a lot,-0.304,sentiment_ranking_microblogs
321,is up 19%,0.309,sentiment_ranking_microblogs
322,tremendous opportunity awaits,0.456,sentiment_ranking_microblogs
323,careful can reverse fast,-0.152,sentiment_ranking_microblogs
324,Back in,0.383,sentiment_ranking_microblogs
325,Short Setups Looking Nice....Really Nice,-0.464,sentiment_ranking_microblogs
326,peachy prospects,0.339,sentiment_ranking_microblogs
327,splat! poor Q1 orders,-0.453,sentiment_ranking_microblogs
328,advance announce licensing agreement,0.604,sentiment_ranking_microblogs
329,was still up on the screen,0.377,sentiment_ranking_microblogs
330,Nice little cup-and-handle shaping up favours a good day for the index,0.326,sentiment_ranking_microblogs
331,have enjoyed shorting Anglo these last few weeks,-0.269,sentiment_ranking_microblogs
332,European Debt once again Keeps Stocks Down,-0.374,sentiment_ranking_microblogs
333,defect  recalls,-0.366,sentiment_ranking_microblogs
334,been very frustrating green bar gets followed immediately by 1-3 weeks of consolidation,-0.136,sentiment_ranking_microblogs
335,Alphabet Inc was just upgraded to buy,0.465,sentiment_ranking_microblogs
336,getting out of his,-0.374,sentiment_ranking_microblogs
337,today aside setting up for another drop Overvalued sector,-0.504,sentiment_ranking_microblogs
338,Unusual Call Activity,0.332,sentiment_ranking_microblogs
339,Sector Stocks Leading Today,0.454,sentiment_ranking_microblogs
340,Comparable Store Sales -4%,-0.441,sentiment_ranking_microblogs
341,$AAPL max pain,-0.063,sentiment_ranking_microblogs
342,Defying the Downturn,0.407,sentiment_ranking_microblogs
343,PAIN,-0.4,sentiment_ranking_microblogs
344,t's time to short at this point,-0.489,sentiment_ranking_microblogs
345,Put the chum out there at key support then next level down careful,-0.32,sentiment_ranking_microblogs
346,LED light bulb prices rise in Japan,0.054,sentiment_ranking_microblogs
347,"just follow the trend, follow the money flow",0.165,sentiment_ranking_microblogs
348,sideways,0.0,sentiment_ranking_microblogs
349,$YHOO +2.61%,0.16,sentiment_ranking_microblogs
350,Bigger win for,0.273,sentiment_ranking_microblogs
351,working on Cuba deals,0.419,sentiment_ranking_microblogs
352,overbought,-0.296,sentiment_ranking_microblogs
353,uch a bloated valuation,-0.536,sentiment_ranking_microblogs
354,Short Squeeze Ready To Upside w Crossing Important Technical Level,0.219,sentiment_ranking_microblogs
355,great company,0.408,sentiment_ranking_microblogs
356,downgrade,-0.463,sentiment_ranking_microblogs
357,now seems like its helping the downtrend,-0.372,sentiment_ranking_microblogs
358,should bring $SPX down into the close.,-0.462,sentiment_ranking_microblogs
359,hip sinking?,-0.411,sentiment_ranking_microblogs
360,Nice day rally!,0.529,sentiment_ranking_microblogs
361,buy more on the weakness?,0.346,sentiment_ranking_microblogs
362,$AAPL cult on stocktwits is actually disgusting,-0.151,sentiment_ranking_microblogs
363,Pie In The Sky,0.365,sentiment_ranking_microblogs
364,companies shld be worried about iCloud,-0.329,sentiment_ranking_microblogs
365,curing #overbought conditions,-0.262,sentiment_ranking_microblogs
366,Think I may just start to avoid bios,-0.23,sentiment_ranking_microblogs
367,fast 56pc dive,-0.26,sentiment_ranking_microblogs
368,start strong finish weak,-0.086,sentiment_ranking_microblogs
369,Buy the dip',0.38,sentiment_ranking_microblogs
370,gotta hold,0.345,sentiment_ranking_microblogs
371,in trouble ? is that earnings gap still unfilled ?,-0.368,sentiment_ranking_microblogs
372,very tight on the avail stock for shorting,-0.554,sentiment_ranking_microblogs
373,Long term uptrend intract so far,0.368,sentiment_ranking_microblogs
374,Price Target Raised,0.269,sentiment_ranking_microblogs
375,Could the pride of social media be gettin ready to fall? chart rolling over?,-0.287,sentiment_ranking_microblogs
376,"is exceptionally bullish for Romney, the mkt, and the economy.",0.421,sentiment_ranking_microblogs
377,"just follow the trend, follow the money flow",0.165,sentiment_ranking_microblogs
378,Fader play here,-0.219,sentiment_ranking_microblogs
379,$TSLA short,-0.505,sentiment_ranking_microblogs
380,I am excited about all these plays,0.322,sentiment_ranking_microblogs
381,never widen your stop to stay in a trade,-0.412,sentiment_ranking_microblogs
382,over 225 million new Internet users are being added globally every year,0.337,sentiment_ranking_microblogs
383,biggest St50 gainers,0.452,sentiment_ranking_microblogs
384,breakouts,0.627,sentiment_ranking_microblogs
385,$MDXG lower,-0.402,sentiment_ranking_microblogs
386,Nice day rally!,0.529,sentiment_ranking_microblogs
387,breaking below support,-0.397,sentiment_ranking_microblogs
388,beat up AH,0.284,sentiment_ranking_microblogs
389,$FCX +3.53%,0.339,sentiment_ranking_microblogs
390,Long tech calls,0.384,sentiment_ranking_microblogs
391,the most trending,0.216,sentiment_ranking_microblogs
392,the most trending,0.216,sentiment_ranking_microblogs
393,$fb small flong 109.25 via calls,0.352,sentiment_ranking_microblogs
394,shorts are getting nervous,0.366,sentiment_ranking_microblogs
395,i want to cry,-0.595,sentiment_ranking_microblogs
396,3-star analyst Joe Wittine from Longbow Research reiterated a HOLD rating,0.214,sentiment_ranking_microblogs
397,is in the process of streamlining its structure especially through divestment of non-core businesses,0.229,sentiment_ranking_microblogs
398,$YHOO have lost 50% since Nov 14,-0.422,sentiment_ranking_microblogs
399,At least you didn't stop out,-0.222,sentiment_ranking_microblogs
400,bot $CHRW,0.437,sentiment_ranking_microblogs
401,"With Oil Prices Down further, Oil Stocks Looking Less Cheap",-0.42,sentiment_ranking_microblogs
402,Multi Top on $MCD  chart finally leads to a fall in price Stability is questioned in the stock but coming weeks will tell,-0.474,sentiment_ranking_microblogs
403,People still coming in his EOD could be explosive shorts get caught,0.257,sentiment_ranking_microblogs
404,shorts are trapped,0.226,sentiment_ranking_microblogs
405,debt crisis entered a dangerous new phase,-0.331,sentiment_ranking_microblogs
406,orgetting the potential relative value of its users,0.316,sentiment_ranking_microblogs
407,Airplane And Hospitality Industries Set Their Sights On #Cuba,0.405,sentiment_ranking_microblogs
408,trails $MSFT $ORCL $GOOG $CRM $ADBE,0.179,sentiment_ranking_microblogs
409,Equity indexes working on a positive engulfing for March,0.308,sentiment_ranking_microblogs
410,Closed Buy,0.466,sentiment_ranking_microblogs
411,Good to load up Be confident,0.281,sentiment_ranking_microblogs
412,Airplane And Hospitality Industries Set Their Sights On #Cuba,0.405,sentiment_ranking_microblogs
413,China winners,0.452,sentiment_ranking_microblogs
414,just broke resistance #redtogreen #breakout right out of the gate tomorrow morning,0.598,sentiment_ranking_microblogs
415,has a hard to diminish lead,0.262,sentiment_ranking_microblogs
416,Stochastic Overbought,-0.385,sentiment_ranking_microblogs
417,consumers keep cautious stance,-0.258,sentiment_ranking_microblogs
418,calls for nice gains Still holding Week made in a morning,0.396,sentiment_ranking_microblogs
419,Considering Bid,0.21,sentiment_ranking_microblogs
420,ready to pop!,0.293,sentiment_ranking_microblogs
421,Covered Call,0.329,sentiment_ranking_microblogs
422,but decent supt here-expect some upside,0.302,sentiment_ranking_microblogs
423,Three of my hot stocks today,0.461,sentiment_ranking_microblogs
424,getting sold here.,-0.551,sentiment_ranking_microblogs
425,Double bottom 5.2,0.23,sentiment_ranking_microblogs
426,could be lotto winners,0.29,sentiment_ranking_microblogs
427,Court tells states to leave $GOOG alone,0.291,sentiment_ranking_microblogs
428,In Play Longs,0.273,sentiment_ranking_microblogs
429,watch $TSLA > 34.5,0.339,sentiment_ranking_microblogs
430,not selling before,0.221,sentiment_ranking_microblogs
431,Sector Stocks Leading Today,0.454,sentiment_ranking_microblogs
432,I see more downside in next two weeks be careful -20 dollars drop potential,-0.477,sentiment_ranking_microblogs
433,new squeeze plays,-0.339,sentiment_ranking_microblogs
434,still having some trouble at the resistance line,0.071,sentiment_ranking_microblogs
435,with personal story sharing declining will $FB feeds start to look more like $TWTR,-0.572,sentiment_ranking_microblogs
436,Near HOD,0.366,sentiment_ranking_microblogs
437,Unusual Call Activity,0.421,sentiment_ranking_microblogs
438,today's top gainers,0.447,sentiment_ranking_microblogs
439,money flow & stochastic dropping itting resistance at the 200-day downtrend Retest 50-day?,-0.577,sentiment_ranking_microblogs
440,Reasons for caution about Chinese stocks,-0.317,sentiment_ranking_microblogs
441,Unusual Call Activity,0.421,sentiment_ranking_microblogs
442,Long buying point,0.23,sentiment_ranking_microblogs
443,trying to drag $bidu with it.,-0.524,sentiment_ranking_microblogs
444,Continues to consolidate above previous break out area.,0.375,sentiment_ranking_microblogs
445,Bought more - Bought $FB at,0.506,sentiment_ranking_microblogs
446,Back to Back intraday reversals look out below Shorts moving in!,-0.53,sentiment_ranking_microblogs
447,Another Sell Rating,-0.389,sentiment_ranking_microblogs
448,long this morning,0.476,sentiment_ranking_microblogs
449,the overall market improve,0.433,sentiment_ranking_microblogs
450,got hit hard lower this AM,-0.551,sentiment_ranking_microblogs
451,making new HOD,0.442,sentiment_ranking_microblogs
452,Stochastic Overbought,-0.385,sentiment_ranking_microblogs
453,Best performers,0.376,sentiment_ranking_microblogs
454,hopefully peeps shorting $CAMT for scalps,-0.36,sentiment_ranking_microblogs
455,New bullish conversation activity,0.461,sentiment_ranking_microblogs
456,after losing about $1 billion on $VRX?,-0.643,sentiment_ranking_microblogs
457,Another quiet week,0.0,sentiment_ranking_microblogs
458,sales exceed target profitability guidance amended upward,0.526,sentiment_ranking_microblogs
459,hope kog shorters learned a lesson dont mess with this bear,0.085,sentiment_ranking_microblogs
460,Small caps threatening descending triangle breakdown,-0.382,sentiment_ranking_microblogs
461,accumulating more $BSMX on any pullback,0.417,sentiment_ranking_microblogs
462,I am excited about all these plays,0.322,sentiment_ranking_microblogs
463,I Love blood like a vampire.....Keep bleeding for me,-0.391,sentiment_ranking_microblogs
464,$PYPL w/ a solid start in #ecommerce checkout,0.375,sentiment_ranking_microblogs
465,run run $AMZN up 4.4% now,0.482,sentiment_ranking_microblogs
466,Stochastic Overbought,-0.385,sentiment_ranking_microblogs
467,Unusual call buying,0.336,sentiment_ranking_microblogs
468,Higher In Afternoon Trade Buy Point,0.243,sentiment_ranking_microblogs
469,Bad Apple,-0.392,sentiment_ranking_microblogs
470,TripAdvisor jumps on M&A rumors,0.47,sentiment_ranking_microblogs
471,trying to lead higher here,0.256,sentiment_ranking_microblogs
472,finds support,0.504,sentiment_ranking_microblogs
473,Moody's downgrade,-0.299,sentiment_ranking_microblogs
474,Watchlist Top Stocks,0.342,sentiment_ranking_microblogs
475,Santa Rally blow off top,0.22,sentiment_ranking_microblogs
476,point at a possible move up,0.176,sentiment_ranking_microblogs
477,Barclays signs on to Apple Pay,0.354,sentiment_ranking_microblogs
478,Breakup Will Cost Billions,-0.397,sentiment_ranking_microblogs
479,short-term forecast is now bearish,-0.343,sentiment_ranking_microblogs
480,"earning play $fast 47 puts, $vrx 34 puts , $bidu 182.5 puts",-0.387,sentiment_ranking_microblogs
481,$pcln back over 'up' trendline,0.308,sentiment_ranking_microblogs
482,Moved Upper Bollinger Band,0.498,sentiment_ranking_microblogs
483,Moved Upper Bollinger Band,0.498,sentiment_ranking_microblogs
484,high risk but could be a sweet ST runner once the jigginess exits,0.322,sentiment_ranking_microblogs
485,"If bulls lucky enuff to get an upside gap fill, better take it",0.054,sentiment_ranking_microblogs
486,outperforms,0.525,sentiment_ranking_microblogs
487,Nice start,0.269,sentiment_ranking_microblogs
488,$IEF bullish,0.423,sentiment_ranking_microblogs
489,This stock is a buy,0.498,sentiment_ranking_microblogs
490,To Combine In $37 Billion Deal,0.241,sentiment_ranking_microblogs
491,Monday sold,-0.37,sentiment_ranking_microblogs
492,Today's losers,-0.317,sentiment_ranking_microblogs
493,Biggest Market Losers,-0.438,sentiment_ranking_microblogs
494,Was looking for a long entry but today's price action wasn't appealing,0.215,sentiment_ranking_microblogs
495,Failed breakouts & failed setups Limping on crutches into next week,-0.419,sentiment_ranking_microblogs
496,this pull back of,-0.03,sentiment_ranking_microblogs
497,Breaking 52 week highs timing looks great now,0.419,sentiment_ranking_microblogs
498,Express Scripts loses,-0.336,sentiment_ranking_microblogs
499,$MDXG  lower.,-0.361,sentiment_ranking_microblogs
500,Pie In The Sky,0.365,sentiment_ranking_microblogs
501,look out belooooooowwww,-0.85,sentiment_ranking_microblogs
502,I just feel the people who are buying are the same ones with their finger on the sell button,-0.054,sentiment_ranking_microblogs
503,China winners,0.452,sentiment_ranking_microblogs
504,Largest Online Gaming Market,0.226,sentiment_ranking_microblogs
505,Guess who sold off about $800 million in $MDLZ,-0.428,sentiment_ranking_microblogs
506,best scenario going forward is this stock slowly falling everyday,-0.264,sentiment_ranking_microblogs
507,PLUNGING! Back to,-0.628,sentiment_ranking_microblogs
508,I blew out $ZMH,-0.462,sentiment_ranking_microblogs
509,"getting very close to 200 MA of 110.87, hasnâ€™t closed above 200 MA since July 31, 2015. If / when it does, will be significant.",0.218,sentiment_ranking_microblogs
510,Let's go up Gilead,0.328,sentiment_ranking_microblogs
511,Biggest gainers today large caps,0.556,sentiment_ranking_microblogs
512,Yahoo extends bidding deadline as interest grows,0.613,sentiment_ranking_microblogs
513,Rally Friday! #new52weekhighs p over 31%,0.66,sentiment_ranking_microblogs
514,Found some good bull setups this week,0.448,sentiment_ranking_microblogs
515,Sold some $TSLA Puts this morning,-0.211,sentiment_ranking_microblogs
516,"Another one to add, already happily holding",0.448,sentiment_ranking_microblogs
517,do i have enough shares ??? this beast keeps moving,0.429,sentiment_ranking_microblogs
518,looking to buy,0.32,sentiment_ranking_microblogs
519,downgrade,-0.463,sentiment_ranking_microblogs
520,#iPhone is really annoying.,-0.398,sentiment_ranking_microblogs
521,$FIT and $SUNE have not changed.,-0.179,sentiment_ranking_microblogs
522,holding up nicely,0.441,sentiment_ranking_microblogs
523,Insiders Are Selling,-0.351,sentiment_ranking_microblogs
524,Looks weak now Stay Short in SPY till then.,-0.504,sentiment_ranking_microblogs
525,gap fill 53.53 still waiting.,0.085,sentiment_ranking_microblogs
526,looking good Calls are active,0.362,sentiment_ranking_microblogs
527,shorts made a killing last couple days,-0.529,sentiment_ranking_microblogs
528,Goldman Sachs reiterates conviction buy on,0.334,sentiment_ranking_microblogs
529,giddy up!,0.308,sentiment_ranking_microblogs
530,PC shipments drop to lowest level since 2007,-0.452,sentiment_ranking_microblogs
531,Multi-year stock breakouts,0.612,sentiment_ranking_microblogs
532,high-flyers have been falling,-0.501,sentiment_ranking_microblogs
533,still in bear market,-0.421,sentiment_ranking_microblogs
534,"mentioned as potential suitee, suitor",0.258,sentiment_ranking_microblogs
535,looks constructive,0.28,sentiment_ranking_microblogs
536,stocks insiders are bullish on,0.433,sentiment_ranking_microblogs
537,Stochastic Overbought,-0.385,sentiment_ranking_microblogs
538,Biggest Market Losers,-0.438,sentiment_ranking_microblogs
539,Report: Apple signs up for Google's cloud,-0.213,sentiment_ranking_microblogs
540,Short Percent of Float 16.80%,-0.16,sentiment_ranking_microblogs
541,Unusual Call Activity,0.421,sentiment_ranking_microblogs
542,My broker has no shorts who has them?,-0.533,sentiment_ranking_microblogs
543,down 1.1% short of expectations,-0.352,sentiment_ranking_microblogs
544,loading $SPY and $AAPL puts think were toppy,-0.537,sentiment_ranking_microblogs
545,Best performers,0.307,sentiment_ranking_microblogs
546,New recommendation from Carl Kirst of BMO Capital Markets,0.566,sentiment_ranking_microblogs
547,A Premier Retail Dividend Play,0.354,sentiment_ranking_microblogs
548,I've been picking up railroad stocks for the retirement acct,0.441,sentiment_ranking_microblogs
549,breaks major support,-0.66,sentiment_ranking_microblogs
550,"Play safe, be long Just make sure you don't go long with all your money.",0.335,sentiment_ranking_microblogs
551,Worth a chance here,0.145,sentiment_ranking_microblogs
552,Aggressive Buy,0.306,sentiment_ranking_microblogs
553,Could that have been a strategy to exit shorts before the big pop?,0.316,sentiment_ranking_microblogs
554,taking a small chill pill today,-0.183,sentiment_ranking_microblogs
555,Institutions seem to like this class of stocks,0.422,sentiment_ranking_microblogs
556,upgrades to outperform ifts price target,0.61,sentiment_ranking_microblogs
557,on the move up again,0.483,sentiment_ranking_microblogs
558,companies shld be worried about iCloud,-0.329,sentiment_ranking_microblogs
559,Apple hires former Amazon executive George Stathakopoulos as head of corporate data security,0.146,sentiment_ranking_microblogs
560,stock options trade would have more than doubled your money,0.294,sentiment_ranking_microblogs
561,$HTZ lower,-0.341,sentiment_ranking_microblogs
562,need to break $4 again,0.132,sentiment_ranking_microblogs
563,$FB & $IBB down,-0.527,sentiment_ranking_microblogs
564,Expands Share Repurchase Program,0.285,sentiment_ranking_microblogs
565,should reward better on good earnings,0.326,sentiment_ranking_microblogs
566,Large cap tech is finally trying to catch up with the rest of the market,0.373,sentiment_ranking_microblogs
567,bear flag,-0.535,sentiment_ranking_microblogs
568,Will re-enter short on bounce..,-0.46,sentiment_ranking_microblogs
569,Most bullish stocks on Twitter during this dip,0.408,sentiment_ranking_microblogs
570,13F Shows New Stakes in ,0.468,sentiment_ranking_microblogs
571,Almost an outside day down,-0.274,sentiment_ranking_microblogs
572,long on,0.185,sentiment_ranking_microblogs
573,Price experiencing early rejection,-0.228,sentiment_ranking_microblogs
574,growth rate of approximately 122.0% to 124.9%. total net revenues to be between $780 mln and $790,0.305,sentiment_ranking_microblogs
575,Sounds like we'll see some green tomorrow,0.395,sentiment_ranking_microblogs
576,bearish charts keep getting worse.,-0.619,sentiment_ranking_microblogs
577,record number of passengers served in 2015,0.638,sentiment_ranking_microblogs
578,Failed breakouts & failed setups Limping on crutches into next week,-0.419,sentiment_ranking_microblogs
579,Prob a buy if it does,0.428,sentiment_ranking_microblogs
580,bail out,0.058,sentiment_ranking_microblogs
581,just about to break out to new highs lots of technicals looking great right now,0.469,sentiment_ranking_microblogs
582,all going down,-0.559,sentiment_ranking_microblogs
583,Possible target,0.162,sentiment_ranking_microblogs
584,Love this company long time.,0.408,sentiment_ranking_microblogs
585,Biggest gainers today large caps,0.432,sentiment_ranking_microblogs
586,new 'large player sells',-0.498,sentiment_ranking_microblogs
587,big dumping would not touch it for a while,-0.699,sentiment_ranking_microblogs
588,Biggest Market Losers,-0.438,sentiment_ranking_microblogs
589,Out $AAPL,-0.27,sentiment_ranking_microblogs
590,CLOSED GREEN!!!! BULLISH!,0.622,sentiment_ranking_microblogs
591,Indices are rallying today a lot of the 'highly covered companies' are underperforming,-0.193,sentiment_ranking_microblogs
592,Sales weak margins down debt still way up,-0.515,sentiment_ranking_microblogs
593,Pushing Channel Development,0.458,sentiment_ranking_microblogs
594,Breaking 52 week highs timing looks great now,0.419,sentiment_ranking_microblogs
595,We See More Reasons To Be Cautious,-0.093,sentiment_ranking_microblogs
596,Found some good bull setups this week,0.448,sentiment_ranking_microblogs
597,Closed Buy,0.466,sentiment_ranking_microblogs
598,Markets Back in Black for 2016,0.271,sentiment_ranking_microblogs
599,Take it while you can,0.515,sentiment_ranking_microblogs
600,SS interest rose on 12/15 on day before we hit our lows. http://stks.co/c1QKr,-0.405,sentiment_ranking_microblogs
601,China February Retail Sales: E-Commerce Remains Resilient,0.383,sentiment_ranking_microblogs
602,so i can add more,0.307,sentiment_ranking_microblogs
603,Picking up a couple shares of $GOOG today,0.364,sentiment_ranking_microblogs
604,Holy green day batman luv it when a plan comes together,0.298,sentiment_ranking_microblogs
605,What a nice reversal.,0.318,sentiment_ranking_microblogs
606,took my proprietary profit exit didn't like the option liquidity ousy spreads,-0.334,sentiment_ranking_microblogs
607,today's bull flag,0.2,sentiment_ranking_microblogs
608,RSI is down at 20,0.418,sentiment_ranking_microblogs
609,is somewhat tempting on the long side here,0.421,sentiment_ranking_microblogs
610,Can $TSLA roll over yet?,-0.212,sentiment_ranking_microblogs
611,stay long Apple,0.337,sentiment_ranking_microblogs
612,some of the stocks that came up on screens for longs,0.431,sentiment_ranking_microblogs
613,heading back down to Not sure where this goes from here without news,-0.25,sentiment_ranking_microblogs
614,Highest call to put ratio,0.348,sentiment_ranking_microblogs
615,close above 28.64 we are ready to rock and roll,0.308,sentiment_ranking_microblogs
616,easonably priced high growth institutional fave glamour name that is going at least 30% higher,0.342,sentiment_ranking_microblogs
617,Higher In Afternoon Trade Buy Point,0.243,sentiment_ranking_microblogs
618,MACD and ADX are crossing over the signal lines! Long Setup,0.569,sentiment_ranking_microblogs
619,ooks like nice risk/reward for starting to initiate a position looks like nice risk/reward for starting to initiate a position,0.309,sentiment_ranking_microblogs
620,BUY,0.437,sentiment_ranking_microblogs
621,Biggest Market Losers,-0.438,sentiment_ranking_microblogs
622,hipments on track to exceed forecasts,0.367,sentiment_ranking_microblogs
623,$MSFT higher than I expected,0.43,sentiment_ranking_microblogs
624,Good to load up Be confident,0.281,sentiment_ranking_microblogs
625,Worst performers today  $MGM $IO -6%,-0.351,sentiment_ranking_microblogs
626,Top holdings,0.311,sentiment_ranking_microblogs
627,player onto the 211 puts,-0.652,sentiment_ranking_microblogs
628,We See More Reasons To Be Cautious,-0.093,sentiment_ranking_microblogs
629,downgrade,-0.463,sentiment_ranking_microblogs
630,producing a Bullish MACD Xover,0.691,sentiment_ranking_microblogs
631,"As with all 3x ETFs, it is subject to decay due to daily rebalancin so be careful holding",-0.234,sentiment_ranking_microblogs
632,Bottom Losses,-0.756,sentiment_ranking_microblogs
633,patience pays off,0.272,sentiment_ranking_microblogs
634,Don't underestimate Mark Bounce off 50sma daily,0.37,sentiment_ranking_microblogs
635,stocks insiders are bullish on,0.433,sentiment_ranking_microblogs
636,demand ahead strongest growth,0.532,sentiment_ranking_microblogs
637,valuation is high No net cash fwd growth <10% high peg historical high pe & fwd PE,-0.355,sentiment_ranking_microblogs
638,Buying $fas last week was the play of the month Wish i woulda pulled the trigger,0.74,sentiment_ranking_microblogs
639,no position,-0.118,sentiment_ranking_microblogs
640,mastered their supply chain,0.461,sentiment_ranking_microblogs
641,Looks good on the weekly chart,0.379,sentiment_ranking_microblogs
642,$MU may go down 6% if the bear pattern is confirmed,-0.404,sentiment_ranking_microblogs
643,No edge offered,0.025,sentiment_ranking_microblogs
644,bearish engulfing candle,-0.532,sentiment_ranking_microblogs
645,BTO three 110 puts @ 1.34,-0.267,sentiment_ranking_microblogs
646,long play another consistent profit zone,0.48,sentiment_ranking_microblogs
647,Most bullish stocks on Twitter during this dip,0.408,sentiment_ranking_microblogs
648,Short $TSLA calls,-0.618,sentiment_ranking_microblogs
649,$MSFT is opening up its #XboxLive online service,0.225,sentiment_ranking_microblogs
650,#joke #bubble #buyerbeware,-0.506,sentiment_ranking_microblogs
651,Bullish MA Crossovers,0.457,sentiment_ranking_microblogs
652,down 25% since Tue morning.,-0.527,sentiment_ranking_microblogs
653,This stock is such a winner,0.451,sentiment_ranking_microblogs
654,soars pre-market,0.398,sentiment_ranking_microblogs
655,Over 16 with conviction  I'm a buyer good for ride to 20,0.585,sentiment_ranking_microblogs
656,$SIMO Basing nice A close over 24.18 is bullish,0.408,sentiment_ranking_microblogs
657,gap up today?  they say the heat is coming,0.454,sentiment_ranking_microblogs
658,Spy the bubble is in stock buy backs,-0.268,sentiment_ranking_microblogs
659,#OwnItDon'tTradeIt,0.435,sentiment_ranking_microblogs
660,ISRG Short,-0.678,sentiment_ranking_microblogs
661,debt crisis entered a dangerous new phase,-0.331,sentiment_ranking_microblogs
662,EPS growth is around 12% so far,0.316,sentiment_ranking_microblogs
663,airlines battle for Cuba routes $AAL $LUV $SAVE $JBLU,0.092,sentiment_ranking_microblogs
664,want to go this morning it's about time looking at the chart,0.28,sentiment_ranking_microblogs
665,Found some good bull setups this week,0.448,sentiment_ranking_microblogs
666,Pie In The Sky,0.365,sentiment_ranking_microblogs
667,and is overbought,-0.48,sentiment_ranking_microblogs
668,no choice but to be positve,0.323,sentiment_ranking_microblogs
669,small businesses have called $YELP a scam for years,-0.45,sentiment_ranking_microblogs
670,double bottom could be in,0.271,sentiment_ranking_microblogs
671,Unusual Call Activity,0.421,sentiment_ranking_microblogs
672,shorting here into close might be play high beta reversing,-0.469,sentiment_ranking_microblogs
673,Covered,0.128,sentiment_ranking_microblogs
674,Alibaba invests in Southeast Asian retailer Lazada $EFUT,0.0,sentiment_ranking_microblogs
675,cracking lower early $short #correction,-0.511,sentiment_ranking_microblogs
676,on cusp of a major bollinger breakout on daily sitting right on its 200 day EMA the force is too strong squeeze the shorts,0.511,sentiment_ranking_microblogs
677,Has a great cash balance impressive growth rate,0.493,sentiment_ranking_microblogs
678,Bullish MA Crossovers,0.457,sentiment_ranking_microblogs
679,resistance breached last week,0.112,sentiment_ranking_microblogs
680,$23 by the end of the week..did you snatch ur 21,0.257,sentiment_ranking_microblogs
681,Watchlist Top Stocks,0.342,sentiment_ranking_microblogs
682,weakness could be opportunity Good to sell Nov Put for re-entry,0.345,sentiment_ranking_microblogs
683,Unusual call buying,0.336,sentiment_ranking_microblogs
684,TOP 5 STOCK PICKS,0.414,sentiment_ranking_microblogs
685,debt crisis entered a dangerous new phase,-0.331,sentiment_ranking_microblogs
686,not feel terribly good,-0.126,sentiment_ranking_microblogs
687,Biggest Market Losers,-0.438,sentiment_ranking_microblogs
688,interest level has skyrocketed here the last two week,0.165,sentiment_ranking_microblogs
689,LVMH affordable #luxe doing just fine helped by duty-free & confident mainstream shoppers,0.45,sentiment_ranking_microblogs
690,Men sell $SVXY puts,0.092,sentiment_ranking_microblogs
691,an upward movement is expected,0.387,sentiment_ranking_microblogs
692,don't look for a dividend at the Feb Shareholders meeting,-0.2,sentiment_ranking_microblogs
693,Insiders Are Selling,-0.351,sentiment_ranking_microblogs
694,Stock Trading Lower Today  Warning After Upbeat Earnings Results,-0.375,sentiment_ranking_microblogs
695,$UNT trying to break out of 5 day range $SDRL 3.69 long,0.244,sentiment_ranking_microblogs
696,record number of passengers served in 2015,0.638,sentiment_ranking_microblogs
697,Buy the dip',0.38,sentiment_ranking_microblogs
698,Airplane And Hospitality Industries Set Their Sights On #Cuba,0.405,sentiment_ranking_microblogs
699,Dailymail content is perfect for YHOO demographics,0.153,sentiment_ranking_microblogs
700,Dividend Hike Green Light,0.316,sentiment_ranking_microblogs
701,Got a nice push today,0.28,sentiment_ranking_microblogs
702,but man this is one to be careful with,-0.291,sentiment_ranking_microblogs
703,top-rated,0.428,sentiment_ranking_microblogs
704,stocks at support w/ high trade quality,0.503,sentiment_ranking_microblogs
705,bear raid,-0.48,sentiment_ranking_microblogs
706,"Long over 3.95/great find - hope that wold be another $ANLY or $PZZI, still holding second 1/2",0.509,sentiment_ranking_microblogs
707,Heard Netflix is raising its prices. It's all good it's worth it though,0.275,sentiment_ranking_microblogs
708,Stares Into the Abyss,-0.325,sentiment_ranking_microblogs
709,this is going to end in the red,-0.477,sentiment_ranking_microblogs
710,"is now beaten down, hated",-0.303,sentiment_ranking_microblogs
711,1Mil Buy order at,0.426,sentiment_ranking_microblogs
712,great growth stk & also raised dividend clearly a great investment,0.597,sentiment_ranking_microblogs
713,Recall Adds To Reliability Issues,-0.267,sentiment_ranking_microblogs
714,Double bottom with handle buy point,0.654,sentiment_ranking_microblogs
715,Goldman Sachs reiterates conviction buy on,0.087,sentiment_ranking_microblogs
716,Services like $NFLX and #Hulu are growing much faster than cable,0.364,sentiment_ranking_microblogs
717,Balancing ROIC and growth to create value,0.334,sentiment_ranking_microblogs
718,gist of downgrades was apple failed to make a phone th,-0.312,sentiment_ranking_microblogs
719,soars pre-market,0.34,sentiment_ranking_microblogs
720,Deutsche Bank: cuts #Starbucks to Hold premium valuation,-0.17,sentiment_ranking_microblogs
721,Added $REGN at 402,0.589,sentiment_ranking_microblogs
722,round 2 short,-0.438,sentiment_ranking_microblogs
723,looks like it could be about to fall apart market not liking  bad business,-0.515,sentiment_ranking_microblogs
724,Long look like a 5-10% run awaits,0.394,sentiment_ranking_microblogs
725,magically bought at under a dollar,0.288,sentiment_ranking_microblogs
726,Institutions seem to like this class of stocks,0.422,sentiment_ranking_microblogs
727,shipments slid -9.6% to lowest quarterly total since 2007 dethrones,-0.283,sentiment_ranking_microblogs
728,$KNDI China electric car maker. China car sales +7.8%.,0.403,sentiment_ranking_microblogs
729,It Needs A New Tablet Strategy,-0.195,sentiment_ranking_microblogs
730,Fundamentally nothing has changed,0.198,sentiment_ranking_microblogs
731,"After weeks of steady gains,advances in mkt breadth slowe",-0.146,sentiment_ranking_microblogs
732,"all on a longer-term, technical swing long basis.",0.591,sentiment_ranking_microblogs
733,stocks insiders are bullish on,0.433,sentiment_ranking_microblogs
734,Notable gainers among liquid option names this morning,0.513,sentiment_ranking_microblogs
735,$GOOGL patents turn signal detector for autonomous cars.,0.241,sentiment_ranking_microblogs
736,"Support here @ 50sma Good long trade, tight stop",0.328,sentiment_ranking_microblogs
737,LONGS,0.511,sentiment_ranking_microblogs
738,$AAPL a new long IF 110.61 is broke,0.379,sentiment_ranking_microblogs
739,broke out now of his bull flag channel and make new highs,0.369,sentiment_ranking_microblogs
740,capped this range leads to meltdown,-0.172,sentiment_ranking_microblogs
741,holding up well today,0.318,sentiment_ranking_microblogs
742,Long favorite covered call double dip dividend play. touting,0.444,sentiment_ranking_microblogs
743,Top holdings,0.311,sentiment_ranking_microblogs
744,when there is turmoil in the MENA region shippers perform,0.397,sentiment_ranking_microblogs
745,growing customers globally e stay long,0.576,sentiment_ranking_microblogs
746,running into cloud bottom,-0.528,sentiment_ranking_microblogs
747,breakout from the consolidation zone bot some @,0.724,sentiment_ranking_microblogs
748,What goes up...,-0.514,sentiment_ranking_microblogs
749,Market getting crushed today,-0.302,sentiment_ranking_microblogs
750,Stay long,0.951,sentiment_ranking_microblogs
751,Barclays signs on to Apple Pay,-0.113,sentiment_ranking_microblogs
752,AUG 645 calls +550%,0.553,sentiment_ranking_microblogs
753,next major platform,0.374,sentiment_ranking_microblogs
754,Wilful infringement does not go into calculations of patent damages $AAPL,-0.207,sentiment_ranking_microblogs
755,I think the DNF crew can get this $NFLX short into the next 30 days heading into earnings,-0.308,sentiment_ranking_microblogs
756,keep stock on your watch list,0.271,sentiment_ranking_microblogs
757,Deutsche Bank downgrades,-0.436,sentiment_ranking_microblogs
758,Big Drop in Hedge Fund Exposure to Market Even sharks don't trust this market,-0.402,sentiment_ranking_microblogs
759,all going down,-0.559,sentiment_ranking_microblogs
760,EPS growth is around 12% so far,0.316,sentiment_ranking_microblogs
761,Timberrrr,-0.562,sentiment_ranking_microblogs
762,$TSLA is the only 'auto' stock showing a gain year-to-date,-0.347,sentiment_ranking_microblogs
763,people are calling it bearish Some heading for exits already,-0.148,sentiment_ranking_microblogs
764,#oversold,0.406,sentiment_ranking_microblogs
765,$KO:US #COCA-COLA CO 19Oct Positive,0.646,sentiment_ranking_microblogs
766,we close around $34 it's a good sign Tom we can continue upwards!!,0.494,sentiment_ranking_microblogs
767,$TWTR Fck you Bird!,-0.085,sentiment_ranking_microblogs
768,Best outperformers ranked,0.492,sentiment_ranking_microblogs
769,shipments slid -9.6% to lowest quarterly total since 2007 dethrones,-0.336,sentiment_ranking_microblogs
770,oversold,0.43,sentiment_ranking_microblogs
771,short the $TSLA,-0.603,sentiment_ranking_microblogs
772,Alibaba IPO hoopla canâ€™t hide risk of Chinese stocks,-0.39,sentiment_ranking_microblogs
773,recessions declines,-0.307,sentiment_ranking_microblogs
774,Keeping my stops a bit on the tight side,0.135,sentiment_ranking_microblogs
775,massive recent recovery toward new highs should give the real shareholders encouragement on questcor,0.448,sentiment_ranking_microblogs
776,$YOKU 0,0.0,sentiment_ranking_microblogs
777,weakness continues again.,-0.41,sentiment_ranking_microblogs
778,Buy the dip',0.38,sentiment_ranking_microblogs
779,Stochastic Overbought,-0.516,sentiment_ranking_microblogs
780,Nice day rally!,0.529,sentiment_ranking_microblogs
781,up almost 11% now,0.398,sentiment_ranking_microblogs
782,eyeing $RA w take-over interest,0.041,sentiment_ranking_microblogs
783,Why The Coal & Shipping Sectors Could Rise Again,0.418,sentiment_ranking_microblogs
784,looks great bullish,0.396,sentiment_ranking_microblogs
785,LONGS,0.511,sentiment_ranking_microblogs
786,I'd be short $fast,-0.625,sentiment_ranking_microblogs
787,holding up well today,0.318,sentiment_ranking_microblogs
788,picked up $CALM,0.47,sentiment_ranking_microblogs
789,ended the day down,-0.144,sentiment_ranking_microblogs
790,longer term top building now a quickie short,0.099,sentiment_ranking_microblogs
791,adding to position here,0.685,sentiment_ranking_microblogs
792,Why $TWTR is doomed in 1 chart,-0.027,sentiment_ranking_microblogs
793,"Over the TL it can go to 114, below it can go to 90.",0.0,sentiment_ranking_microblogs
794,finally broke free from big brother's shadow?,0.206,sentiment_ranking_microblogs
795,Guess the late traders will be stocking up on $TSLA,0.416,sentiment_ranking_microblogs
796,5 Reasons Not to Buy Gold,-0.447,sentiment_ranking_microblogs
797,companies shld be worried about iCloud,-0.329,sentiment_ranking_microblogs
798,guess everyone wants 620,0.239,sentiment_ranking_microblogs
799,with upcoming first support in a few days or weeks!,0.274,sentiment_ranking_microblogs
800,slips alongside shares on NSA leak news,-0.198,sentiment_ranking_microblogs
801,Major skin in the game...positive.,0.471,sentiment_ranking_microblogs
802,"addding tsla ss , added small vrx long $TSLA $VRX",0.394,sentiment_ranking_microblogs
803,Bought $FB $111 calls,0.579,sentiment_ranking_microblogs
804,still have positive market bias Sharp Rally In Low-Quality Stocks Points To Ongoing Market Gains,0.428,sentiment_ranking_microblogs
805,$UVXY broke 10.00 amazing!!! not the 1st time won't be the last,0.265,sentiment_ranking_microblogs
806,Sold: $CELG $AGIO,-0.552,sentiment_ranking_microblogs
807,Sanofi often on the wrong end of business.,-0.247,sentiment_ranking_microblogs
808,Sector Stocks Leading Today,0.454,sentiment_ranking_microblogs
809,eyes more disposals in bid to appease City backers,0.286,sentiment_ranking_microblogs
810,seriously nothing says strong growth like well played,0.312,sentiment_ranking_microblogs
811,bought CALL OMNIVISION TECH Should beat earnings,0.722,sentiment_ranking_microblogs
812,ooks pretty bullish for now,0.323,sentiment_ranking_microblogs
813,get ready for the 560 *flush*,-0.264,sentiment_ranking_microblogs
814,record number of passengers served in 2015,0.638,sentiment_ranking_microblogs
815,Unusual Call Activity,0.421,sentiment_ranking_microblogs
816,Making higher highs & higher lows as it consolidates over past several weeks,0.478,sentiment_ranking_microblogs
817,Gevoâ€™s Alcohol to Jet Fuel Now Eligible to be Used for Commercial Flight,0.026,sentiment_ranking_microblogs
818,I would take profits if you have them,-0.244,sentiment_ranking_microblogs
819,I would consider this opportunity to add my position company is on the right track they are still improving sales,0.401,sentiment_ranking_microblogs
820,run run $AMZN up 4.4% now,0.477,sentiment_ranking_microblogs
821,EU getting closer to charging Google over Android,-0.319,sentiment_ranking_microblogs
822,Southwest Is at Its Lowest Multiple Ever,0.106,sentiment_ranking_microblogs
823,start strong finish weak,-0.086,sentiment_ranking_microblogs
824,mkt fell on debt downgrade due to slow growth,-0.159,sentiment_ranking_microblogs
825,sold today,-0.581,sentiment_ranking_microblogs
826,Sets Up for Breakout,0.528,sentiment_ranking_microblogs
827,didn't factor in anything other than google and repeated good earnings,0.102,sentiment_ranking_microblogs
828,only those with the stomach for high risk are left,-0.151,sentiment_ranking_microblogs
829,big picture is BRILLIANT Boy-wonder visionary Zuck!,0.355,sentiment_ranking_microblogs
830,Call credit spread,0.311,sentiment_ranking_microblogs
831,gap up tomorrow,0.439,sentiment_ranking_microblogs
832,NaturalGas Settles At 3-year Low,-0.563,sentiment_ranking_microblogs
833,looking to add a gold miner and possibly lower pe tech name into close,0.425,sentiment_ranking_microblogs
834,Long setup,0.438,sentiment_ranking_microblogs
835,they have real assets,0.432,sentiment_ranking_microblogs
836,runs into the 50sma on the acquisition news,0.486,sentiment_ranking_microblogs
837,someone bought lots of calls MON,0.444,sentiment_ranking_microblogs
838,may not be as secure,-0.308,sentiment_ranking_microblogs
839,Three of my hot stocks today,0.461,sentiment_ranking_microblogs
840,Brent back below 49,-0.353,sentiment_ranking_microblogs
841,SolarCity customers can produce enough electricity to power Tesla fleet,0.601,sentiment_ranking_microblogs
842,Stocks Higher In Afternoon Trade,0.314,sentiment_ranking_microblogs
843,"Another Sell Rating, Sell Rating",-0.513,sentiment_ranking_microblogs
844,looking sexy this morning break on volume,0.678,sentiment_ranking_microblogs
845,agree risky watching very closely,-0.375,sentiment_ranking_microblogs
846,I love this stock/Co,-0.125,sentiment_ranking_microblogs
847,another strong rail today after breaking intraday resistance,0.468,sentiment_ranking_microblogs
848,Baird Upgrades Tesla Motors $TSLA to Outperform,0.52,sentiment_ranking_microblogs
849,Buy these 3 stocks while there's blood in the streets,0.415,sentiment_ranking_microblogs
850,triple top forming.,0.028,sentiment_ranking_microblogs
851,looking to add a gold miner and possibly lower pe tech name into close,0.425,sentiment_ranking_microblogs
852,high-flyers have been falling,-0.501,sentiment_ranking_microblogs
853,Drop expected,-0.002,sentiment_ranking_microblogs
854,staying strong,0.532,sentiment_ranking_microblogs
855,very tight on the avail stock for shorting,-0.406,sentiment_ranking_microblogs
856,LNKD is great but doesnt the potential side with Fb,0.283,sentiment_ranking_microblogs
857,will close below  monday will be freewater fall,-0.453,sentiment_ranking_microblogs
858,remember when Zuck in 2010 told us he was going to fix email with it?,0.091,sentiment_ranking_microblogs
859,Downbeaten stocks may be ripe for buys,0.316,sentiment_ranking_microblogs
860,In play tmrw,0.805,sentiment_ranking_microblogs
861,I may try a short,-0.352,sentiment_ranking_microblogs
862,Long $ENDP @ $26.23 on $AGN b/o rumor,0.57,sentiment_ranking_microblogs
863,down 5.43 %,-0.392,sentiment_ranking_microblogs
864,SHORT,-0.363,sentiment_ranking_microblogs
865,all going down,-0.559,sentiment_ranking_microblogs
866,$INTC & $AAPL strong tech leads DOW higher,0.722,sentiment_ranking_microblogs
867,$FB is taking the shine off $AAPL and $GOOG,-0.13,sentiment_ranking_microblogs
868,Biggest Market Losers,-0.438,sentiment_ranking_microblogs
869,damn me and low priced stocks,-0.482,sentiment_ranking_microblogs
870,have cash to burn.,0.356,sentiment_ranking_microblogs
871,Stares Into the Abyss,-0.325,sentiment_ranking_microblogs
872,some upside today If there is catalyst for this guy. It can run,0.254,sentiment_ranking_microblogs
873,Equity indexes working on a positive engulfing for March,0.308,sentiment_ranking_microblogs
874,Short 61.8% Retracement Trendline and Resistance,-0.371,sentiment_ranking_microblogs
875,no crying you get out,-0.462,sentiment_ranking_microblogs
876,In Play Longs,0.273,sentiment_ranking_microblogs
877,weak hands being flushed from metals and miners Fear selling Guess who is buying? Mr Greed.,0.3,sentiment_ranking_microblogs
878,tapping on 10.00,0.224,sentiment_ranking_microblogs
879,less than stellar day but it held the 50 day moving average,-0.14,sentiment_ranking_microblogs
880,all going down,-0.559,sentiment_ranking_microblogs
881,covered some shorts,0.294,sentiment_ranking_microblogs
882,Airplane And Hospitality Industries Set Their Sights On #Cuba,0.405,sentiment_ranking_microblogs
883,Adobe Receives New Rating from Top Analyst,0.141,sentiment_ranking_microblogs
884,here we gooo,0.268,sentiment_ranking_microblogs
885,looking weak,-0.352,sentiment_ranking_microblogs
886,Just sold 2 Apr-22 115 calls,-0.024,sentiment_ranking_microblogs
887,$LTM Selling far from over a large bearish channel up formed,-0.629,sentiment_ranking_microblogs
888,who won't pay anymore REAL risk,-0.349,sentiment_ranking_microblogs
889,famous lunch hour fade down routine rise later in the day,0.002,sentiment_ranking_microblogs
890,Unusual Call Activity,0.332,sentiment_ranking_microblogs
891,with ex-dividend coming it will fall more,-0.411,sentiment_ranking_microblogs
892,Market seems stuck in the mud,-0.259,sentiment_ranking_microblogs
893,Sets Up for Breakout,0.528,sentiment_ranking_microblogs
894,Nice day rally!,0.529,sentiment_ranking_microblogs
895,can ONE of the cheerleaders show me actual valuation work,-0.205,sentiment_ranking_microblogs
896,Bears Take a Clear Near Term Advantage,-0.501,sentiment_ranking_microblogs
897,new squeeze plays,-0.339,sentiment_ranking_microblogs
898,$AAPL cleary surpassed their BB,-0.274,sentiment_ranking_microblogs
899,$JOE Getting attention. No.2 on NYSE 100 top buying list,0.788,sentiment_ranking_microblogs
900,stochastics finally starting to turn up Buying here,0.702,sentiment_ranking_microblogs
901,$TFM will have a way to go price wise to compete with Kroger. $KR,0.129,sentiment_ranking_microblogs
902,bought $skf as a hedge,0.466,sentiment_ranking_microblogs
903,Rally Friday! #new52weekhighs p over 31%,0.66,sentiment_ranking_microblogs
904,I like this Ascending Triangle Breakout coming Monday Looks promising,0.478,sentiment_ranking_microblogs
905,Bottom Losses,-0.659,sentiment_ranking_microblogs
906,Markets Back in Black for 2016,0.271,sentiment_ranking_microblogs
907,sell $RHT,-0.591,sentiment_ranking_microblogs
908,Moved Upper Bollinger Band,0.498,sentiment_ranking_microblogs
909,Nice day rally!,0.529,sentiment_ranking_microblogs
910,"#Tesla: Great Company, Bad #Stock $TSLA",-0.065,sentiment_ranking_microblogs
911,gapping up to all time highs,0.782,sentiment_ranking_microblogs
912,Sold all:,-0.57,sentiment_ranking_microblogs
913,excellent / factual bear argument,-0.507,sentiment_ranking_microblogs
914,tired of seeing this go down,-0.085,sentiment_ranking_microblogs
915,they want the stock too keep going up,-0.294,sentiment_ranking_microblogs
916,$CRM Seems a little to high also,-0.344,sentiment_ranking_microblogs
917,acting tough on big volume against the tape,0.243,sentiment_ranking_microblogs
918,Long buying point,0.23,sentiment_ranking_microblogs
919,more positive comments from $MS,0.426,sentiment_ranking_microblogs
920,long this morning,0.476,sentiment_ranking_microblogs
921,Issues Statement On Debt Ceiling,-0.341,sentiment_ranking_microblogs
922,under pressure along with the market,0.014,sentiment_ranking_microblogs
923,Stochastic Overbought,-0.516,sentiment_ranking_microblogs
924,reserves are in decline,0.279,sentiment_ranking_microblogs
925,So sad to see such a loved company eating dirt.,-0.453,sentiment_ranking_microblogs
926,still they are saying bullish LoL,-0.038,sentiment_ranking_microblogs
927,wouldn't call any of these banks h+s quite yet,0.335,sentiment_ranking_microblogs
928,"15 years after release, Windows XP is still the 3rd most popular OS",0.2,sentiment_ranking_microblogs
929,looking goo for 35.80s break out. It must hold 35.40s,0.307,sentiment_ranking_microblogs
930,Very nice breakout on a very nice stock,1.0,sentiment_ranking_microblogs
931,hangin on my a thread click away from a cliff drop,-0.337,sentiment_ranking_microblogs
932,$SPY up only 0.6% Still holding,0.228,sentiment_ranking_microblogs
933,wayyy overvalued right now May take a short pos,-0.451,sentiment_ranking_microblogs
934,$GS is looking weak while this market is moving higher not a good sign,-0.597,sentiment_ranking_microblogs
935,$X +2.27%,0.144,sentiment_ranking_microblogs
936,Pie In The Sky,0.365,sentiment_ranking_microblogs
937,I sold $TSLA,-0.348,sentiment_ranking_microblogs
938,lots of nice setups in Energy  liking Whiting more each day $CRZO too,0.293,sentiment_ranking_microblogs
939,"Long over 3.95/great find - hope that wold be another $ANLY or $PZZI, still holding second 1/2",0.509,sentiment_ranking_microblogs
940,There is a good base building,0.228,sentiment_ranking_microblogs
941,adding $expe and $pcln to the mix soon I already have $CTRP and $trip,0.408,sentiment_ranking_microblogs
942,start strong finish weak,-0.086,sentiment_ranking_microblogs
943,What a nice reversal.,0.318,sentiment_ranking_microblogs
944,bought 3500 shares today!,0.738,sentiment_ranking_microblogs
945,$FB and $IBB still weak,-0.355,sentiment_ranking_microblogs
946,mrkt needs to washout,-0.055,sentiment_ranking_microblogs
947,Amazon has been selling surveillance cameras infected with malware,-0.186,sentiment_ranking_microblogs
948,Can't imagine shorts wanting to go into the weekend without taking care of their position,0.36,sentiment_ranking_microblogs
949,banks to implode stress tests failing  selloff,-0.298,sentiment_ranking_microblogs
950,Most bullish stocks on Twitter during this dip,0.408,sentiment_ranking_microblogs
951,Our updated #core4 portfolio,0.452,sentiment_ranking_microblogs
952,In Play Longs,0.273,sentiment_ranking_microblogs
953,bull move ended waiting for next setup,-0.204,sentiment_ranking_microblogs
954,Watchlist Top Stocks,0.342,sentiment_ranking_microblogs
955,not dipping - testing the 200 day ma,0.281,sentiment_ranking_microblogs
956,LONGS,0.511,sentiment_ranking_microblogs
957,Looking for a oversold bounce,0.436,sentiment_ranking_microblogs
958,Transports always lead the way bull flag,0.594,sentiment_ranking_microblogs
959,"Looks like that support line around 24.90 held t can close green it could start seeing some pstv momentum,",0.331,sentiment_ranking_microblogs
960,Upgraded to a buy by Alpha Street Research,0.715,sentiment_ranking_microblogs
961,I will buy aggressively if pulls back,0.386,sentiment_ranking_microblogs
962,New bullish conversation activity,0.461,sentiment_ranking_microblogs
963,moves up a little more today off of cup and handle,0.306,sentiment_ranking_microblogs
964,$EA points to the two Facebook games,0.048,sentiment_ranking_microblogs
965,actively Head & Shoulder in progress,-0.222,sentiment_ranking_microblogs
966,"recalls 2,700 Model X cars",-0.315,sentiment_ranking_microblogs
967,Bears Take a Clear Near Term Advantage,-0.501,sentiment_ranking_microblogs
968,Defying the Downturn,0.407,sentiment_ranking_microblogs
969,Rally Friday! #new52weekhighs p over 31%,0.66,sentiment_ranking_microblogs
970,Unusual Call Activity,0.332,sentiment_ranking_microblogs
971,lost revenue not good,-0.43,sentiment_ranking_microblogs
972,Gevoâ€™s Alcohol to Jet Fuel Now Eligible to be Used for Commercial Flight,0.392,sentiment_ranking_microblogs
973,If that's what you want then buy some,0.245,sentiment_ranking_microblogs
974,looks really toppy right here.,-0.191,sentiment_ranking_microblogs
975,Moved Upper Bollinger Band,0.498,sentiment_ranking_microblogs
976,"Another Sell Rating, Sell Rating",-0.513,sentiment_ranking_microblogs
977,got to short that even at work you jump in money trade,-0.378,sentiment_ranking_microblogs
978,Locked in some $FB puts for nice gain,-0.524,sentiment_ranking_microblogs
979,Accumulation chart continues to make new highs showing accumulation continuing to take place,0.497,sentiment_ranking_microblogs
980,stopped out even from yesterdays entry,-0.413,sentiment_ranking_microblogs
981,near a buy point last week,0.102,sentiment_ranking_microblogs
982,cracking,-0.118,sentiment_ranking_microblogs
983,"Tesla to recall 2,700 Model X SUVs over seat issue",-0.31,sentiment_ranking_microblogs
984,"With Oil Prices Down further, Oil Stocks Looking Less Cheap",-0.42,sentiment_ranking_microblogs
985,minuscule 0.09% gain in $ZIV Lost most of our handsome gains on Friday,-0.059,sentiment_ranking_microblogs
986,$AAPL +1.44%,0.256,sentiment_ranking_microblogs
987,may be ripe for a #takeover targe,0.343,sentiment_ranking_microblogs
988,Goldman Sachs reiterates conviction buy on,0.622,sentiment_ranking_microblogs
989,Some competitors worry that BlackBerry is the inevitable successor to Northern Telecom much more competent leadership,0.27,sentiment_ranking_microblogs
990,Sector Stocks Leading Today,0.454,sentiment_ranking_microblogs
991,has had a history of a lack of PR shame for investors,-0.21,sentiment_ranking_microblogs
992,long $AAPL,0.648,sentiment_ranking_microblogs
993,In oversold conditions howing now nice positive divergences on chart Potential Bounce,0.459,sentiment_ranking_microblogs
994,TOP 5 STOCK PICKS,0.414,sentiment_ranking_microblogs
995,Pie In The Sky,0.365,sentiment_ranking_microblogs
996,Breakout watch,0.352,sentiment_ranking_microblogs
997,zigzag and reversal scenario,-0.03,sentiment_ranking_microblogs
998,sells flat..I am out..,-0.541,sentiment_ranking_microblogs
999,here is no case here,0.18,sentiment_ranking_microblogs
